[{"contestant": "", "position": "", "odds": ["", "", ""]}, {"contestant": "", "position": "", "odds": ["", "Eurovision NewsResults & Points 2021Italy 2022Songs & VideosOddsNational SelectionsFactsQuiz", ""]}, {"contestant": "Italy Måneskin - Zitti e buoni", "position": "1", "odds": ["1", "", "Italy Måneskin - Zitti e buoni", "26%", "3.25", "2.8", "3.25", "3.25", "2.75", "3.5", "3.4", "2.65", "3.35", "3.25", "2.8", "3", "3", "3.4", "3.5", "3.5", "3.55", "3.24", "3.6"]}, {"contestant": "France Barbara Pravi - Voilà", "position": "2", "odds": ["2", "", "France Barbara Pravi - Voilà", "22%", "3.25", "4.5", "3.25", "3.25", "4.5", "4", "3", "4.3", "3.85", "3.5", "4.25", "4.5", "3.5", "4", "3.5", "4", "3.95", "4.5", "4.1"]}, {"contestant": "Malta Destiny - Je Me Casse", "position": "3", "odds": ["3", "", "Malta Destiny - Je Me Casse", "17%", "5", "6", "4.5", "5", "5.5", "5", "4.75", "5.1", "5", "4.5", "6", "5.5", "5", "5", "5", "4.5", "5.3", "5", "5.3"]}, {"contestant": "Ukraine Go_A - Shum", "position": "4", "odds": ["4", "", "Ukraine Go_A - Shum", "6%", "17", "8", "11", "18", "8", "17", "12", "12", "17", "11", "8", "8", "12", "13", "17", "15", "19", "26", "19"]}, {"contestant": "Finland Blind Channel - Dark Side", "position": "5", "odds": ["5", "", "Finland Blind Channel - Dark Side", "5%", "15", "16", "9", "11", "21", "13", "11", "8.5", "8", "11", "14", "26", "10", "13", "9", "11", "16", "67", "16"]}, {"contestant": "Switzerland Gjon's Tears - Tout l'univers", "position": "6", "odds": ["6", "", "Switzerland Gjon's Tears - Tout l'univers", "5%", "17", "11", "17", "18", "11", "17", "21", "15", "18", "15", "11", "12", "16", "19", "13", "17", "19", "19", "19"]}, {"contestant": "Iceland Daði & Gagnamagnið - 10 Years", "position": "7", "odds": ["7", "", "Iceland Daði & Gagnamagnið - 10 Years", "5%", "17", "16", "21", "21", "17", "17", "21", "18", "20", "15", "16", "19", "16", "17", "17", "17", "18", "13", "19"]}, {"contestant": "Lithuania The Roop - Discoteque", "position": "8", "odds": ["8", "", "Lithuania The Roop - Discoteque", "2%", "41", "61", "41", "51", "61", "41", "41", "34", "40", "34", "49", "67", "50", "34", "26", "34", "46", "34", "55"]}, {"contestant": "Sweden Tusse - Voices", "position": "9", "odds": ["9", "", "Sweden Tusse - Voices", "2%", "41", "56", "41", "51", "91", "41", "41", "50", "35", "26", "56", "67", "25", "26", "17", "26", "50", "67", "50"]}, {"contestant": "San Marino Senhit feat. Flo Rida - Adrenalina", "position": "10", "odds": ["10", "", "San Marino Senhit feat. Flo Rida - Adrenalina", "1%", "67", "46", "41", "81", "67", "81", "81", "65", "60", "51", "46", "67", "50", "34", "81", "34", "90", "26", "100"]}, {"contestant": "Norway TIX - Fallen Angel", "position": "11", "odds": ["11", "", "Norway TIX - Fallen Angel", "1%", "67", "81", "67", "81", "126", "67", "51", "50", "55", "51", "49", "101", "50", "67", "34", "51", "90", "101", "90"]}, {"contestant": "Portugal Black Mamba - Love Is On My Side", "position": "12", "odds": ["12", "", "Portugal Black Mamba - Love Is On My Side", "1%", "101", "41", "81", "81", "51", "101", "81", "45", "40", "101", "41", "51", "75", "67", "101", "51", "130", "151", "100"]}, {"contestant": "Bulgaria Victoria - Growing Up Is Getting Old", "position": "13", "odds": ["13", "", "Bulgaria Victoria - Growing Up Is Getting Old", "1%", "101", "61", "81", "101", "101", "101", "101", "90", "85", "67", "61", "67", "75", "41", "101", "101", "150", "17", "150"]}, {"contestant": "Cyprus Elena Tsagrinou - El Diablo", "position": "14", "odds": ["14", "", "Cyprus Elena Tsagrinou - El Diablo", "1%", "151", "61", "126", "151", "111", "151", "101", "80", "100", "101", "61", "67", "75", "81", "51", "101", "180", "11", "220"]}, {"contestant": "Azerbaijan Efendi - Mata Hari", "position": "15", "odds": ["15", "", "Azerbaijan Efendi - Mata Hari", "1%", "101", "126", "101", "126", "201", "101", "126", "150", "200", "151", "126", "101", "100", "81", "151", "101", "140", "101", "130"]}, {"contestant": "Greece Stefania - Last Dance", "position": "16", "odds": ["16", "", "Greece Stefania - Last Dance", "1%", "201", "126", "176", "151", "201", "151", "151", "150", "150", "151", "126", "101", "75", "151", "151", "101", "260", "67", "290"]}, {"contestant": "Russia Manizha - Russian Woman", "position": "17", "odds": ["17", "", "Russia Manizha - Russian Woman", "1%", "251", "126", "151", "151", "201", "251", "126", "150", "200", "201", "126", "101", "100", "151", "151", "101", "290", "51", "370"]}, {"contestant": "Serbia Hurricane - Loco Loco", "position": "18", "odds": ["18", "", "Serbia Hurricane - Loco Loco", "<1%", "501", "151", "251", "201", "151", "351", "201", "150", "200", "201", "111", "101", "100", "151", "101", "101", "300", "301", "470"]}, {"contestant": "Israel Eden Alene - Set Me Free", "position": "19", "odds": ["19", "", "Israel Eden Alene - Set Me Free", "<1%", "501", "251", "251", "251", "301", "351", "251", "250", "300", "251", "251", "101", "100", "201", "101", "101", "300", "101", "730"]}, {"contestant": "Netherlands J. Macrooy - Birth Of A New Age", "position": "20", "odds": ["20", "", "Netherlands J. Macrooy - Birth Of A New Age", "<1%", "201", "401", "251", "501", "501", "251", "401", "300", "500", "251", "401", "501", "250", "151", "101", "126", "280", "501", "370"]}, {"contestant": "Belgium Hooverphonic - The Wrong Place", "position": "21", "odds": ["21", "", "Belgium Hooverphonic - The Wrong Place", "<1%", "751", "401", "251", "251", "501", "601", "301", "300", "350", "501", "401", "301", "100", "201", "251", "126", "500", "101", "1000"]}, {"contestant": "United Kingdom James Newman - Embers", "position": "22", "odds": ["22", "", "United Kingdom James Newman - Embers", "<1%", "751", "301", "201", "501", "301", "601", "751", "500", "500", "251", "301", "501", "100", "67", "101", "101", "500", "151", "1000"]}, {"contestant": "Moldova Natalia Gordienko - Sugar", "position": "23", "odds": ["23", "", "Moldova Natalia Gordienko - Sugar", "<1%", "751", "401", "251", "501", "501", "601", "501", "250", "500", "501", "401", "301", "100", "201", "301", "126", "500", "101", "1000"]}, {"contestant": "Germany Jendrik - I Don't Feel Hate", "position": "24", "odds": ["24", "", "Germany Jendrik - I Don't Feel Hate", "<1%", "501", "501", "401", "501", "501", "351", "751", "400", "500", "201", "451", "501", "250", "251", "301", "126", "300", "151", "640"]}, {"contestant": "Spain Blas Cantó - Voy A Quedarme", "position": "25", "odds": ["25", "", "Spain Blas Cantó - Voy A Quedarme", "<1%", "751", "501", "251", "501", "501", "601", "751", "350", "500", "501", "501", "501", "250", "251", "501", "126", "500", "501", "1000"]}, {"contestant": "Albania Anxhela Peristeri - Karma", "position": "26", "odds": ["26", "", "Albania Anxhela Peristeri - Karma", "<1%", "751", "501", "501", "501", "501", "601", "501", "250", "500", "501", "501", "501", "250", "251", "1001", "126", "500", "501", "1000"]}, {"contestant": "Australia Montaigne - Technicolour", "position": "", "odds": ["", "Australia Montaigne - Technicolour"]}, {"contestant": "Austria Vincent Bueno - Amen", "position": "", "odds": ["", "Austria Vincent Bueno - Amen"]}, {"contestant": "Croatia Albina - Tick-Tock", "position": "", "odds": ["", "Croatia Albina - Tick-Tock"]}, {"contestant": "Czech Republic Benny Cristo - Omaga", "position": "", "odds": ["", "Czech Republic Benny Cristo - Omaga"]}, {"contestant": "Denmark Fyr og Flamme - Øve os på hinanden", "position": "", "odds": ["", "Denmark Fyr og Flamme - Øve os på hinanden"]}, {"contestant": "Estonia Uku Suviste - The Lucky One", "position": "", "odds": ["", "Estonia Uku Suviste - The Lucky One"]}, {"contestant": "Georgia Tornike Kipiani - You", "position": "", "odds": ["", "Georgia Tornike Kipiani - You"]}, {"contestant": "Ireland Lesley Roy - Maps", "position": "", "odds": ["", "Ireland Lesley Roy - Maps"]}, {"contestant": "Latvia Samanta Tīna - The Moon Is Rising", "position": "", "odds": ["", "Latvia Samanta Tīna - The Moon Is Rising"]}, {"contestant": "North Macedonia Vasil - Here I Stand", "position": "", "odds": ["", "North Macedonia Vasil - Here I Stand"]}, {"contestant": "Poland Rafał - The Ride", "position": "", "odds": ["", "Poland Rafał - The Ride"]}, {"contestant": "Romania Roxen - Amnesia", "position": "", "odds": ["", "Romania Roxen - Amnesia"]}, {"contestant": "Slovenia Ana Soklič - Amen", "position": "", "odds": ["", "Slovenia Ana Soklič - Amen"]}]