[{"contestant": "", "position": "", "odds": ["", "", ""]}, {"contestant": "", "position": "", "odds": ["", "Eurovision NewsResults & Points 2021Italy 2022Songs & VideosOddsNational SelectionsFactsQuiz", ""]}, {"contestant": "Sweden Måns Zelmerlöw - Heroes", "position": "1", "odds": ["1", "Sweden Måns Zelmerlöw - Heroes", "2.1", "2", "2.38", "2.25", "2.1", "2.1", "2.1", "2.1", "2.25", "2.1", "2", "2.25", "2", "2", "2.1", "2.25", "1", "2.21", "2.2"]}, {"contestant": "Russia Polina Gagarina - A Million Voices", "position": "2", "odds": ["2", "Russia Polina Gagarina - A Million Voices", "3.75", "4.5", "4", "3.75", "4.5", "3.75", "4", "4", "3.5", "4", "4", "4", "4", "4.5", "4", "3.5", "4.75", "5.16", "4.99"]}, {"contestant": "Italy Il Volo - Grande Amore", "position": "3", "odds": ["3", "Italy Il Volo - Grande Amore", "5", "6", "5", "5", "5.5", "5.5", "6", "5.5", "5", "6", "5", "4.25", "5.5", "6.5", "4.5", "4.5", "5", "6.74", "6.51"]}, {"contestant": "Belgium Loïc Nottet - Rhythm Inside", "position": "4", "odds": ["4", "Belgium Loïc Nottet - Rhythm Inside", "11", "12", "9", "12", "9", "10", "12", "10", "7.5", "8", "11", "7", "9", "13", "8", "5", "15", "18", "18"]}, {"contestant": "Australia Guy Sebastian - Tonight Again", "position": "5", "odds": ["5", "Australia Guy Sebastian - Tonight Again", "11", "12", "9", "11", "10", "11", "13", "10", "10", "11", "11", "9", "10", "13", "11", "9", "13", "16", "17"]}, {"contestant": "Estonia Born & Rästa - Goodbye to Yesterday", "position": "6", "odds": ["6", "Estonia Born & Rästa - Goodbye to Yesterday", "19", "24", "34", "23", "21", "21", "19", "21", "29", "17", "21", "23", "17", "26", "26", "15", "21", "27", "27"]}, {"contestant": "Serbia Bojana Stamenov - Beauty Never Lies", "position": "7", "odds": ["7", "Serbia Bojana Stamenov - Beauty Never Lies", "34", "30", "41", "26", "26", "34", "34", "29", "29", "26", "34", "29", "26", "41", "34", "21", "26", "51", "52"]}, {"contestant": "Norway Mørland & Scarlett - A Monster Like Me", "position": "8", "odds": ["8", "Norway Mørland & Scarlett - A Monster Like Me", "34", "30", "41", "34", "41", "41", "41", "41", "26", "41", "41", "29", "29", "51", "34", "34", "", "70", "62"]}, {"contestant": "Latvia Aminata Savadogo - Love Injected", "position": "9", "odds": ["9", "Latvia Aminata Savadogo - Love Injected", "41", "51", "34", "41", "51", "41", "41", "34", "51", "51", "41", "34", "41", "67", "34", "34", "", "150", "143"]}, {"contestant": "Israel Nadav Guedj - Golden Boy", "position": "10", "odds": ["10", "Israel Nadav Guedj - Golden Boy", "67", "51", "67", "81", "41", "67", "46", "51", "51", "29", "67", "51", "41", "67", "51", "41", "34", "", "133"]}, {"contestant": "Azerbaijan Elnur Hüseynov - Hour Of The Wolf", "position": "11", "odds": ["11", "Azerbaijan Elnur Hüseynov - Hour Of The Wolf", "67", "34", "67", "41", "67", "51", "67", "67", "34", "67", "41", "51", "51", "67", "51", "41", "51", "100", "105"]}, {"contestant": "Spain Edurne - Amanecer", "position": "12", "odds": ["12", "Spain Edurne - Amanecer", "81", "34", "81", "51", "67", "81", "67", "67", "34", "81", "67", "51", "81", "67", "67", "51", "51", "", "181"]}, {"contestant": "Slovenia Maraaya - Here for You", "position": "13", "odds": ["13", "Slovenia Maraaya - Here for You", "81", "51", "81", "67", "81", "67", "67", "81", "51", "81", "67", "51", "67", "67", "67", "51", "67", "199", "200"]}, {"contestant": "Georgia Nina Sublatti - Warrior", "position": "14", "odds": ["14", "Georgia Nina Sublatti - Warrior", "101", "81", "151", "67", "101", "101", "101", "81", "81", "81", "101", "81", "67", "101", "81", "51", "67", "199", "285"]}, {"contestant": "United Kingdom Velvet - Still in Love with You", "position": "15", "odds": ["15", "United Kingdom Velvet - Still in Love with You", "151", "101", "151", "126", "41", "126", "81", "81", "101", "81", "81", "81", "41", "101", "101", "67", "101", "298", "304"]}, {"contestant": "Greece M. Elena Kyriakou - One Last Breath", "position": "16", "odds": ["16", "Greece M. Elena Kyriakou - One Last Breath", "151", "81", "126", "101", "126", "101", "126", "126", "81", "101", "101", "101", "81", "101", "101", "101", "101", "", "703"]}, {"contestant": "Romania Voltaj - De La Capăt / All Over Again", "position": "17", "odds": ["17", "Romania Voltaj - De La Capăt / All Over Again", "151", "126", "151", "101", "151", "101", "101", "126", "126", "101", "101", "126", "101", "101", "126", "101", "101", "", "789"]}, {"contestant": "Armenia Genealogy - Face The Shadow", "position": "18", "odds": ["18", "Armenia Genealogy - Face The Shadow", "151", "101", "151", "176", "151", "151", "151", "151", "101", "101", "101", "126", "101", "101", "126", "126", "101", "199", "228"]}, {"contestant": "Albania Elhaida Dani - I'm Alive", "position": "19", "odds": ["19", "Albania Elhaida Dani - I'm Alive", "151", "101", "126", "126", "101", "151", "101", "126", "101", "101", "101", "101", "101", "101", "101", "101", "101", "496", "950"]}, {"contestant": "Cyprus Karayiannis - One Thing I Should Have Done", "position": "20", "odds": ["20", "Cyprus Karayiannis - One Thing I Should Have Done", "151", "126", "151", "101", "151", "126", "126", "126", "126", "126", "101", "101", "101", "101", "101", "101", "101", "496", "713"]}, {"contestant": "Hungary Boggie - Wars For Nothing", "position": "21", "odds": ["21", "Hungary Boggie - Wars For Nothing", "151", "101", "126", "126", "126", "126", "151", "126", "101", "101", "101", "101", "101", "101", "126", "81", "201", "496", "589"]}, {"contestant": "France Lisa Angell - N’oubliez pas", "position": "22", "odds": ["22", "France Lisa Angell - N’oubliez pas", "151", "126", "126", "176", "151", "126", "126", "126", "126", "101", "101", "126", "151", "101", "126", "101", "201", "496", "694"]}, {"contestant": "Lithuania Monika & Vaidas - This Time", "position": "23", "odds": ["23", "Lithuania Monika & Vaidas - This Time", "201", "151", "201", "151", "201", "151", "151", "151", "151", "101", "101", "126", "101", "101", "126", "101", "101", "496", "950"]}, {"contestant": "Poland M. Kuszyńska - In The Name Of Love", "position": "24", "odds": ["24", "Poland M. Kuszyńska - In The Name Of Love", "251", "251", "251", "151", "251", "201", "151", "151", "251", "126", "201", "151", "101", "101", "151", "151", "101", "", "903"]}, {"contestant": "Austria The Makemakes - I Am Yours", "position": "25", "odds": ["25", "Austria The Makemakes - I Am Yours", "251", "201", "251", "151", "251", "151", "126", "151", "201", "101", "151", "151", "151", "101", "151", "101", "101", "496", "950"]}, {"contestant": "Montenegro Knez - Adio", "position": "26", "odds": ["26", "Montenegro Knez - Adio", "201", "101", "251", "151", "251", "251", "201", "126", "101", "126", "201", "151", "151", "101", "151", "176", "101", "496", "950"]}, {"contestant": "Germany Ann Sophie - Black Smoke", "position": "27", "odds": ["27", "Germany Ann Sophie - Black Smoke", "251", "201", "201", "201", "251", "201", "251", "151", "201", "151", "151", "151", "201", "101", "151", "126", "", "496", "950"]}, {"contestant": "", "position": "", "odds": ["", "", ""]}, {"contestant": "", "position": "", "odds": ["", "Eurovision NewsResults & Points 2021Italy 2022Songs & VideosOddsNational SelectionsFactsQuiz", ""]}, {"contestant": "Russia Sergey Lazarev - You Are the Only One", "position": "1", "odds": ["1", "Russia Sergey Lazarev - You Are the Only One", "1.9", "1.4", "1.53", "1.4", "1.3", "1.75", "1.57", "1.85", "1.44", "1.8", "1.36", "1.5", "1.85", "1.75", "1.75", "1.36", "2", "2", "2.1", "2.04"]}, {"contestant": "Australia Dami Im - Sound of Silence", "position": "2", "odds": ["2", "Australia Dami Im - Sound of Silence", "2.75", "6", "5.5", "4.5", "6", "2.9", "4.5", "2.57", "5", "2.8", "5", "4.5", "2.85", "2.9", "2.85", "5.5", "2.88", "2.8", "2.62", "2.79"]}, {"contestant": "Ukraine Jamala - 1944", "position": "3", "odds": ["3", "Ukraine Jamala - 1944", "10", "17", "17", "19", "26", "15", "13", "10", "10", "8.75", "19", "13", "11", "15", "10", "17", "15", "15", "9", "19"]}, {"contestant": "Sweden Frans - If I Were Sorry", "position": "4", "odds": ["4", "Sweden Frans - If I Were Sorry", "17", "21", "15", "23", "34", "18", "34", "23", "19", "16", "15", "21", "17", "18", "19", "19", "26", "21", "17", "40"]}, {"contestant": "France Amir - J'ai Cherché", "position": "5", "odds": ["5", "France Amir - J'ai Cherché", "17", "34", "26", "51", "51", "16", "34", "15", "21", "15", "29", "26", "18", "16", "17", "21", "26", "19", "15", "32"]}, {"contestant": "Armenia Iveta Mukuchyan - LoveWave", "position": "6", "odds": ["6", "Armenia Iveta Mukuchyan - LoveWave", "34", "51", "34", "67", "101", "31", "41", "41", "29", "31", "51", "26", "30", "31", "26", "26", "41", "34", "41", "71"]}, {"contestant": "Malta Ira Losco - Walk on Water", "position": "7", "odds": ["7", "Malta Ira Losco - Walk on Water", "29", "41", "51", "67", "67", "36", "51", "41", "41", "31", "51", "34", "25", "36", "34", "67", "34", "34", "26", "52"]}, {"contestant": "Bulgaria Poli Genova - If Love Was a Crime", "position": "8", "odds": ["8", "Bulgaria Poli Genova - If Love Was a Crime", "81", "26", "34", "67", "34", "81", "51", "101", "34", "81", "34", "41", "100", "81", "101", "26", "101", "101", "126", "238"]}, {"contestant": "United Kingdom J. & Jake - You're Not Alone", "position": "9", "odds": ["9", "United Kingdom J. & Jake - You're Not Alone", "51", "41", "81", "101", "126", "81", "26", "151", "81", "56", "67", "67", "60", "81", "51", "34", "34", "101", "41", "143"]}, {"contestant": "Spain Barei - Say Yay!", "position": "10", "odds": ["10", "Spain Barei - Say Yay!", "151", "17", "17", "21", "26", "151", "9", "151", "17", "121", "13", "19", "100", "151", "101", "19", "101", "101", "101", "342"]}, {"contestant": "Netherlands Douwe Bob - Slow Down", "position": "11", "odds": ["11", "Netherlands Douwe Bob - Slow Down", "51", "81", "41", "201", "201", "36", "151", "71", "151", "56", "81", "101", "55", "36", "51", "67", "67", "51", "51", "133"]}, {"contestant": "Austria Zoë - Loin d'ici", "position": "12", "odds": ["12", "Austria Zoë - Loin d'ici", "81", "151", "101", "126", "151", "67", "151", "101", "67", "79", "101", "101", "80", "67", "67", "51", "81", "51", "67", "190"]}, {"contestant": "Latvia Justs - Heartbeat", "position": "13", "odds": ["13", "Latvia Justs - Heartbeat", "67", "151", "251", "201", "201", "67", "101", "71", "151", "67", "101", "67", "65", "67", "67", "41", "101", "67", "67", "124"]}, {"contestant": "Belgium Laura Tesoro - What's the Pressure", "position": "14", "odds": ["14", "Belgium Laura Tesoro - What's the Pressure", "67", "101", "201", "201", "201", "51", "201", "101", "151", "67", "81", "101", "65", "51", "51", "67", "101", "67", "51", "190"]}, {"contestant": "Italy F. Michielin - No Degree of Separation", "position": "15", "odds": ["15", "Italy F. Michielin - No Degree of Separation", "67", "151", "201", "201", "201", "51", "251", "71", "151", "71", "101", "101", "65", "51", "51", "101", "101", "67", "51", "190"]}, {"contestant": "Cyprus Minus One - Alter Ego", "position": "16", "odds": ["16", "Cyprus Minus One - Alter Ego", "151", "67", "101", "126", "101", "151", "151", "101", "67", "171", "81", "67", "150", "151", "126", "67", "101", "101", "151", "285"]}, {"contestant": "Israel Hovi Star - Made of Stars", "position": "17", "odds": ["17", "Israel Hovi Star - Made of Stars", "81", "126", "251", "201", "201", "81", "151", "101", "151", "91", "101", "101", "80", "81", "67", "67", "101", "101", "67", "352"]}, {"contestant": "Poland Michał Szpak - Color of Your Life", "position": "18", "odds": ["18", "Poland Michał Szpak - Color of Your Life", "126", "101", "251", "201", "251", "126", "201", "201", "201", "151", "151", "151", "100", "126", "101", "101", "101", "101", "101", "390"]}, {"contestant": "Lithuania Montell - I've Been Waiting for This Night", "position": "19", "odds": ["19", "Lithuania Montell - I've Been Waiting for This Night", "151", "151", "201", "201", "201", "151", "81", "301", "151", "171", "101", "151", "150", "151", "151", "101", "101", "101", "151", "703"]}, {"contestant": "Serbia Sanja Vučić ZAA - Goodbye (Shelter)", "position": "20", "odds": ["20", "Serbia Sanja Vučić ZAA - Goodbye (Shelter)", "101", "501", "501", "201", "201", "101", "501", "151", "151", "101", "126", "151", "100", "101", "81", "101", "101", "67", "67", "428"]}, {"contestant": "Azerbaijan Samra - Miracle", "position": "21", "odds": ["21", "Azerbaijan Samra - Miracle", "201", "501", "501", "251", "251", "101", "251", "151", "201", "226", "151", "201", "200", "101", "201", "201", "101", "101", "101", "665"]}, {"contestant": "Hungary Freddie - Pioneer", "position": "22", "odds": ["22", "Hungary Freddie - Pioneer", "201", "501", "501", "301", "201", "151", "501", "201", "301", "226", "201", "201", "200", "151", "151", "201", "101", "101", "151", "950"]}, {"contestant": "Croatia Nina Kraljić - Lighthouse", "position": "23", "odds": ["23", "Croatia Nina Kraljić - Lighthouse", "201", "501", "501", "251", "201", "201", "501", "151", "301", "206", "251", "251", "200", "201", "201", "151", "101", "101", "201", "798"]}, {"contestant": "Georgia Kocharov & Georgian Lolitaz - Midnight Gold", "position": "24", "odds": ["24", "Georgia Kocharov & Georgian Lolitaz - Midnight Gold", "251", "251", "501", "301", "201", "251", "301", "301", "201", "251", "251", "201", "225", "251", "201", "201", "101", "301", "201", "950"]}, {"contestant": "Czech Republic Gabriela Gunčíková - I Stand", "position": "25", "odds": ["25", "Czech Republic Gabriela Gunčíková - I Stand", "201", "501", "501", "301", "251", "201", "501", "301", "301", "226", "301", "251", "200", "201", "201", "201", "101", "101", "201", "950"]}, {"contestant": "Germany Jamie-Lee Kriewitz - Ghost", "position": "26", "odds": ["26", "Germany Jamie-Lee Kriewitz - Ghost", "251", "501", "501", "251", "501", "301", "201", "301", "251", "271", "301", "251", "230", "301", "151", "201", "101", "101", "201", "504"]}, {"contestant": "", "position": "", "odds": ["", "", ""]}, {"contestant": "", "position": "", "odds": ["", "Eurovision NewsResults & Points 2021Italy 2022Songs & VideosOddsNational SelectionsFactsQuiz", ""]}, {"contestant": "Bulgaria Kristian Kostov - Beautiful Mess", "position": "1", "odds": ["1", "", "Bulgaria Kristian Kostov - Beautiful Mess", "2.37", "3", "3", "2.75", "2.2", "2.5", "2.4", "2.75", "2.63", "2.5", "2.5", "2.8", "2.75", "2.75", "2.75", "2.75", "3.5", "2.84"]}, {"contestant": "Portugal Salvador Sobral - Amar Pelos Dois", "position": "2", "odds": ["2", "", "Portugal Salvador Sobral - Amar Pelos Dois", "2.62", "2.6", "2.75", "2.91", "2.4", "2.9", "2.4", "2.87", "2.63", "2.75", "2.75", "3.1", "2.87", "3", "2.9", "2.75", "2.38", "3.05"]}, {"contestant": "Italy Francesco Gabbani - Occidentali's Karma", "position": "3", "odds": ["3", "", "Italy Francesco Gabbani - Occidentali's Karma", "6.5", "2.75", "3", "8", "7", "8", "7.5", "9", "8", "7.5", "7.5", "8", "9", "8", "7", "7", "2.88", "9"]}, {"contestant": "Belgium Blanche - City Lights", "position": "4", "odds": ["4", "", "Belgium Blanche - City Lights", "6.5", "15", "17", "8", "7", "7", "7", "6.5", "7", "6.5", "6.5", "6.5", "6.5", "7", "7", "6", "15", "10"]}, {"contestant": "Romania Ilinca feat. Alex Florea - Yodel It!", "position": "5", "odds": ["5", "", "Romania Ilinca feat. Alex Florea - Yodel It!", "19", "34", "26", "19", "17", "18", "20", "15", "17", "17", "17", "17", "15", "13", "26", "17", "26", "23"]}, {"contestant": "Sweden Robin Bengtsson - I Can't Go On", "position": "6", "odds": ["6", "", "Sweden Robin Bengtsson - I Can't Go On", "26", "26", "21", "26", "26", "22", "30", "17", "26", "17", "17", "17", "17", "21", "26", "26", "31", "36"]}, {"contestant": "Croatia Jacques Houdek - My Friend", "position": "7", "odds": ["7", "", "Croatia Jacques Houdek - My Friend", "51", "51", "51", "26", "51", "40", "40", "26", "51", "34", "34", "29", "26", "26", "51", "41", "61", "75"]}, {"contestant": "United Kingdom Jones - Never Give Up on You", "position": "8", "odds": ["8", "", "United Kingdom Jones - Never Give Up on You", "67", "29", "26", "51", "67", "50", "50", "51", "51", "29", "29", "51", "51", "21", "51", "67", "51", "95"]}, {"contestant": "Moldova Sunstroke Project - Hey Mamma", "position": "9", "odds": ["9", "", "Moldova Sunstroke Project - Hey Mamma", "67", "81", "51", "41", "51", "50", "50", "26", "51", "41", "41", "34", "26", "21", "67", "51", "61", "100"]}, {"contestant": "France Alma - Requiem", "position": "10", "odds": ["10", "", "France Alma - Requiem", "151", "67", "81", "67", "101", "75", "50", "101", "201", "201", "201", "101", "101", "51", "51", "101", "67", "340"]}, {"contestant": "Armenia Artsvik - Fly With Me", "position": "11", "odds": ["11", "", "Armenia Artsvik - Fly With Me", "201", "67", "81", "81", "151", "125", "50", "101", "201", "101", "101", "101", "101", "101", "67", "101", "51", "500"]}, {"contestant": "Norway Jowst - Grab the Moment", "position": "12", "odds": ["12", "", "Norway Jowst - Grab the Moment", "101", "201", "151", "67", "101", "75", "70", "101", "151", "151", "151", "101", "101", "101", "101", "101", "76", "310"]}, {"contestant": "Netherlands OG3NE - Lights And Shadows", "position": "13", "odds": ["13", "", "Netherlands OG3NE - Lights And Shadows", "301", "81", "101", "41", "201", "75", "150", "151", "151", "201", "201", "101", "151", "101", "67", "101", "101", "350"]}, {"contestant": "Australia Isaiah - Don't Come Easy", "position": "14", "odds": ["14", "", "Australia Isaiah - Don't Come Easy", "301", "126", "101", "101", "151", "200", "100", "201", "201", "151", "151", "101", "201", "101", "101", "101", "151", "710"]}, {"contestant": "Denmark Anja - Where I Am", "position": "15", "odds": ["15", "", "Denmark Anja - Where I Am", "301", "126", "101", "81", "301", "60", "100", "201", "201", "251", "251", "201", "201", "101", "101", "151", "", "670"]}, {"contestant": "Azerbaijan Dihaj - Skeletons", "position": "16", "odds": ["16", "", "Azerbaijan Dihaj - Skeletons", "251", "126", "126", "151", "251", "200", "100", "201", "251", "201", "201", "251", "201", "101", "101", "151", "101", "500"]}, {"contestant": "Hungary Joci Pápai - Origo", "position": "17", "odds": ["17", "", "Hungary Joci Pápai - Origo", "401", "116", "151", "81", "301", "200", "150", "201", "301", "201", "201", "201", "201", "101", "67", "126", "101", "800"]}, {"contestant": "Germany Levina - Perfect Life", "position": "18", "odds": ["18", "", "Germany Levina - Perfect Life", "501", "151", "151", "301", "126", "350", "400", "201", "201", "151", "151", "101", "201", "101", "101", "151", "151", "430"]}, {"contestant": "Poland Kasia Moś - Flashlight", "position": "19", "odds": ["19", "", "Poland Kasia Moś - Flashlight", "401", "201", "101", "301", "301", "350", "250", "301", "201", "201", "201", "201", "301", "101", "101", "251", "151", "640"]}, {"contestant": "Greece Demy - This is Love", "position": "20", "odds": ["20", "", "Greece Demy - This is Love", "501", "251", "201", "151", "251", "300", "300", "251", "251", "251", "251", "201", "251", "101", "101", "251", "201", "600"]}, {"contestant": "Austria Nathan Trent - Running On Air", "position": "21", "odds": ["21", "", "Austria Nathan Trent - Running On Air", "501", "201", "101", "301", "251", "250", "300", "251", "201", "301", "301", "201", "251", "101", "101", "201", "251", "650"]}, {"contestant": "Belarus Naviband - Historyja majho žyccia", "position": "22", "odds": ["22", "", "Belarus Naviband - Historyja majho žyccia", "501", "251", "201", "301", "401", "300", "300", "251", "201", "201", "201", "251", "251", "101", "101", "201", "201", "1000"]}, {"contestant": "Cyprus Hovig - Gravity", "position": "23", "odds": ["23", "", "Cyprus Hovig - Gravity", "601", "351", "201", "501", "151", "350", "300", "151", "201", "301", "301", "101", "151", "101", "201", "201", "201", "730"]}, {"contestant": "Ukraine O.Torvald - Time", "position": "24", "odds": ["24", "", "Ukraine O.Torvald - Time", "751", "251", "201", "501", "201", "400", "400", "301", "301", "301", "301", "501", "301", "101", "101", "201", "201", "700"]}, {"contestant": "Israel Imri Ziv - I Feel Alive", "position": "25", "odds": ["25", "", "Israel Imri Ziv - I Feel Alive", "1001", "201", "101", "201", "501", "400", "500", "251", "301", "401", "401", "351", "251", "101", "101", "251", "201", "1000"]}, {"contestant": "Spain Manel Navarro - Do It for Your Lover", "position": "26", "odds": ["26", "", "Spain Manel Navarro - Do It for Your Lover", "1001", "401", "201", "501", "301", "500", "500", "501", "251", "251", "251", "501", "501", "101", "301", "301", "501", "1000"]}, {"contestant": "Albania Lindita - World", "position": "", "odds": ["", "Albania Lindita - World"]}, {"contestant": "Czech Republic Martina Bárta - My Turn", "position": "", "odds": ["", "Czech Republic Martina Bárta - My Turn"]}, {"contestant": "Estonia Koit Toome & Laura - Verona", "position": "", "odds": ["", "Estonia Koit Toome & Laura - Verona"]}, {"contestant": "Finland Norma John - Blackbird", "position": "", "odds": ["", "Finland Norma John - Blackbird"]}, {"contestant": "FYR Macedonia Jana Burčeska - Dance Alone", "position": "", "odds": ["", "FYR Macedonia Jana Burčeska - Dance Alone"]}, {"contestant": "Georgia Tamara Gachechiladze - Keep The Faith", "position": "", "odds": ["", "Georgia Tamara Gachechiladze - Keep The Faith"]}, {"contestant": "Iceland Svala - Paper", "position": "", "odds": ["", "Iceland Svala - Paper"]}, {"contestant": "Ireland Brendan Murray - Dying To Try", "position": "", "odds": ["", "Ireland Brendan Murray - Dying To Try"]}, {"contestant": "Latvia Triana Park - Line", "position": "", "odds": ["", "Latvia Triana Park - Line"]}, {"contestant": "Lithuania Fusedmarc - Rain Of Revolution", "position": "", "odds": ["", "Lithuania Fusedmarc - Rain Of Revolution"]}, {"contestant": "Malta Claudia Faniello - Breathlessly", "position": "", "odds": ["", "Malta Claudia Faniello - Breathlessly"]}, {"contestant": "Montenegro Slavko Kalezić - Space", "position": "", "odds": ["", "Montenegro Slavko Kalezić - Space"]}, {"contestant": "", "position": "", "odds": ["", "Russia"]}, {"contestant": "San Marino V. Monetta & J. Wilson - Spirit Of The Night", "position": "", "odds": ["", "San Marino V. Monetta & J. Wilson - Spirit Of The Night"]}, {"contestant": "Serbia Tijana Bogićević - In Too Deep", "position": "", "odds": ["", "Serbia Tijana Bogićević - In Too Deep"]}, {"contestant": "Slovenia Omar Naber - On My Way", "position": "", "odds": ["", "Slovenia Omar Naber - On My Way"]}, {"contestant": "Switzerland Timebelle - Apollo", "position": "", "odds": ["", "Switzerland Timebelle - Apollo"]}, {"contestant": "", "position": "", "odds": ["", "", ""]}, {"contestant": "", "position": "", "odds": ["", "Eurovision NewsResults & Points 2021Italy 2022Songs & VideosOddsNational SelectionsFactsQuiz", ""]}, {"contestant": "Cyprus Eleni Foureira - Fuego", "position": "1", "odds": ["1", "", "Cyprus Eleni Foureira - Fuego", "37%", "2", "2.1", "2.2", "2.15", "2.2", "2.25", "2", "2.25", "2.1", "2.1", "2.25", "2.2", "2.2", "2.25", "2.2", "2.38", "2.32"]}, {"contestant": "Israel Netta - Toy", "position": "2", "odds": ["2", "", "Israel Netta - Toy", "24%", "3.25", "3.75", "4", "3.6", "3.5", "3.25", "3.4", "3.25", "3.2", "3.1", "3.25", "3.25", "3.25", "3.5", "3.25", "3.25", "3.75"]}, {"contestant": "Germany M. Schulte - You Let Me Walk Alone", "position": "3", "odds": ["3", "", "Germany M. Schulte - You Let Me Walk Alone", "9%", "7.5", "23", "26", "8.5", "6.5", "7", "7.5", "8", "7", "8", "8", "6.5", "6.5", "6.5", "7", "8", "8.4"]}, {"contestant": "Ireland Ryan O'Shaughnessy - Together", "position": "4", "odds": ["4", "", "Ireland Ryan O'Shaughnessy - Together", "6%", "17", "8", "8", "19", "13", "15", "17", "18", "15", "18", "18", "12", "12", "15", "15", "15", "19"]}, {"contestant": "Estonia Elina Nechayeva - La Forza", "position": "5", "odds": ["5", "", "Estonia Elina Nechayeva - La Forza", "3%", "34", "31", "29", "26", "26", "21", "26", "33", "26", "25", "33", "26", "26", "34", "21", "26", "38"]}, {"contestant": "Sweden Benjamin Ingrosso - Dance You Off", "position": "6", "odds": ["6", "", "Sweden Benjamin Ingrosso - Dance You Off", "2%", "41", "21", "26", "40", "41", "34", "51", "36", "41", "35", "36", "34", "34", "34", "29", "34", "48"]}, {"contestant": "Lithuania I. Zasimauskaitė - When We're Old", "position": "7", "odds": ["7", "", "Lithuania I. Zasimauskaitė - When We're Old", "2%", "51", "23", "21", "55", "41", "41", "34", "41", "41", "30", "41", "34", "34", "41", "41", "41", "70"]}, {"contestant": "United Kingdom SuRie - Storm", "position": "8", "odds": ["8", "", "United Kingdom SuRie - Storm", "2%", "51", "201", "51", "41", "34", "21", "51", "31", "41", "50", "31", "19", "19", "11", "29", "17", "60"]}, {"contestant": "Norway Rybak - That's How You Write a Song", "position": "9", "odds": ["9", "", "Norway Rybak - That's How You Write a Song", "2%", "81", "29", "34", "60", "81", "41", "67", "41", "41", "35", "41", "51", "51", "51", "41", "67", "100"]}, {"contestant": "France Madame Monsieur - Mercy", "position": "10", "odds": ["10", "", "France Madame Monsieur - Mercy", "2%", "101", "16", "17", "60", "51", "67", "51", "51", "67", "50", "51", "51", "51", "41", "51", "67", "65"]}, {"contestant": "Italy Meta & Moro - Non Mi Avete Fatto Niente", "position": "11", "odds": ["11", "", "Italy Meta & Moro - Non Mi Avete Fatto Niente", "1%", "101", "23", "21", "70", "41", "81", "67", "71", "81", "25", "71", "51", "51", "51", "41", "51", "140"]}, {"contestant": "Australia Jessica Mauboy - We Got Love", "position": "12", "odds": ["12", "", "Australia Jessica Mauboy - We Got Love", "1%", "101", "39", "51", "75", "67", "51", "101", "61", "71", "75", "61", "29", "29", "51", "51", "67", "120"]}, {"contestant": "Finland Saara Aalto - Monsters", "position": "13", "odds": ["13", "", "Finland Saara Aalto - Monsters", "1%", "101", "51", "41", "50", "101", "51", "101", "61", "67", "50", "61", "67", "67", "81", "51", "67", "150"]}, {"contestant": "Czech Republic Mikolas Josef - Lie To Me", "position": "14", "odds": ["14", "", "Czech Republic Mikolas Josef - Lie To Me", "1%", "101", "51", "51", "75", "81", "67", "67", "51", "76", "70", "51", "67", "67", "51", "67", "101", "110"]}, {"contestant": "Moldova DoReDos - My Lucky Day", "position": "15", "odds": ["15", "", "Moldova DoReDos - My Lucky Day", "1%", "101", "51", "51", "65", "101", "101", "101", "51", "101", "50", "51", "67", "67", "81", "51", "67", "140"]}, {"contestant": "Bulgaria Equinox - Bones", "position": "16", "odds": ["16", "", "Bulgaria Equinox - Bones", "1%", "201", "51", "51", "120", "151", "67", "67", "86", "126", "100", "86", "101", "101", "101", "67", "67", "230"]}, {"contestant": "Denmark Rasmussen - Higher Ground", "position": "17", "odds": ["17", "", "Denmark Rasmussen - Higher Ground", "1%", "201", "67", "67", "130", "151", "126", "101", "51", "101", "65", "51", "126", "126", "101", "67", "67", "200"]}, {"contestant": "Hungary AWS - Viszlát Nyár", "position": "18", "odds": ["18", "", "Hungary AWS - Viszlát Nyár", "1%", "176", "67", "67", "130", "151", "101", "101", "76", "151", "90", "76", "101", "101", "101", "81", "101", "300"]}, {"contestant": "Netherlands Waylon - Outlaw In 'Em", "position": "19", "odds": ["19", "", "Netherlands Waylon - Outlaw In 'Em", "1%", "201", "126", "151", "150", "151", "151", "201", "76", "151", "150", "76", "126", "126", "101", "101", "101", "190"]}, {"contestant": "Austria Cesár Sampson - Nobody But You", "position": "20", "odds": ["20", "", "Austria Cesár Sampson - Nobody But You", "1%", "301", "101", "151", "150", "251", "101", "101", "71", "126", "125", "71", "151", "151", "151", "126", "101", "250"]}, {"contestant": "Ukraine Mélovin - Under the Ladder", "position": "21", "odds": ["21", "", "Ukraine Mélovin - Under the Ladder", "<1%", "401", "126", "101", "240", "501", "101", "201", "101", "81", "150", "101", "201", "201", "251", "126", "101", "830"]}, {"contestant": "Spain Amaia & Alfred - Tu Canción", "position": "22", "odds": ["22", "", "Spain Amaia & Alfred - Tu Canción", "<1%", "501", "101", "151", "220", "501", "151", "201", "101", "201", "125", "101", "151", "151", "251", "151", "101", "1000"]}, {"contestant": "Portugal Cláudia Pascoal - O Jardim", "position": "23", "odds": ["23", "", "Portugal Cláudia Pascoal - O Jardim", "<1%", "751", "151", "151", "300", "501", "201", "301", "201", "201", "250", "201", "201", "201", "251", "251", "101", "650"]}, {"contestant": "Albania Eugent Bushpepa - Mall", "position": "24", "odds": ["24", "", "Albania Eugent Bushpepa - Mall", "<1%", "501", "201", "201", "500", "501", "301", "301", "151", "201", "400", "151", "201", "201", "251", "151", "101", "770"]}, {"contestant": "Slovenia Lea Sirk - Hvala, ne!", "position": "25", "odds": ["25", "", "Slovenia Lea Sirk - Hvala, ne!", "<1%", "1001", "301", "201", "350", "501", "301", "301", "201", "401", "200", "201", "301", "301", "251", "301", "101", "850"]}, {"contestant": "Serbia Sanja Ilić & Balkanika - Nova Deca", "position": "26", "odds": ["26", "", "Serbia Sanja Ilić & Balkanika - Nova Deca", "<1%", "1001", "401", "201", "500", "501", "501", "301", "201", "301", "500", "201", "151", "151", "251", "301", "101", "1000"]}, {"contestant": "Armenia Sevak Khanagyan - Qami", "position": "", "odds": ["", "Armenia Sevak Khanagyan - Qami"]}, {"contestant": "Azerbaijan Aisel - X My Heart", "position": "", "odds": ["", "Azerbaijan Aisel - X My Heart"]}, {"contestant": "Belarus Alekseev - Forever", "position": "", "odds": ["", "Belarus Alekseev - Forever"]}, {"contestant": "Belgium Sennek - A Matter of Time", "position": "", "odds": ["", "Belgium Sennek - A Matter of Time"]}, {"contestant": "Croatia Franka - Crazy", "position": "", "odds": ["", "Croatia Franka - Crazy"]}, {"contestant": "FYR Macedonia Eye Cue - Lost And Found", "position": "", "odds": ["", "FYR Macedonia Eye Cue - Lost And Found"]}, {"contestant": "Georgia Ethno-Jazz Band Iriao - For You", "position": "", "odds": ["", "Georgia Ethno-Jazz Band Iriao - For You"]}, {"contestant": "Greece Yianna Terzi - Oniro Mou", "position": "", "odds": ["", "Greece Yianna Terzi - Oniro Mou"]}, {"contestant": "Iceland Ari Ólafsson - Our Choice", "position": "", "odds": ["", "Iceland Ari Ólafsson - Our Choice"]}, {"contestant": "Latvia Laura Rizzotto - Funny Girl", "position": "", "odds": ["", "Latvia Laura Rizzotto - Funny Girl"]}, {"contestant": "Malta Christabelle - Taboo", "position": "", "odds": ["", "Malta Christabelle - Taboo"]}, {"contestant": "Montenegro Vanja Radovanović - Inje", "position": "", "odds": ["", "Montenegro Vanja Radovanović - Inje"]}, {"contestant": "Poland Gromee feat. Lukas Meijer - Light Me Up", "position": "", "odds": ["", "Poland Gromee feat. Lukas Meijer - Light Me Up"]}, {"contestant": "Romania The Humans - Goodbye", "position": "", "odds": ["", "Romania The Humans - Goodbye"]}, {"contestant": "Russia Julia Samoylova - I Won't Break", "position": "", "odds": ["", "Russia Julia Samoylova - I Won't Break"]}, {"contestant": "San Marino Jessika feat. Jenifer Brening - Who We Are", "position": "", "odds": ["", "San Marino Jessika feat. Jenifer Brening - Who We Are"]}, {"contestant": "Switzerland Zibbz - Stones", "position": "", "odds": ["", "Switzerland Zibbz - Stones"]}, {"contestant": "", "position": "", "odds": ["", "", ""]}, {"contestant": "", "position": "", "odds": ["", "Eurovision NewsResults & Points 2021Italy 2022Songs & VideosOddsNational SelectionsFactsQuiz", ""]}, {"contestant": "Netherlands Duncan Laurence - Arcade", "position": "1", "odds": ["1", "", "Netherlands Duncan Laurence - Arcade", "51%", "1.5", "1.71", "3.5", "1.63", "1.55", "1.5", "1.5", "1.55", "1.65", "1.55", "1.5", "1.57", "1.44", "1.57", "1.57", "1.57", "1.5", "1.66"]}, {"contestant": "Italy Mahmood - Soldi", "position": "2", "odds": ["2", "", "Italy Mahmood - Soldi", "9%", "5", "19", "15", "8", "8", "8", "6", "9", "17", "6", "8", "7", "8", "6", "6", "9", "8", "10"]}, {"contestant": "Switzerland Luca Hänni - She Got Me", "position": "3", "odds": ["3", "", "Switzerland Luca Hänni - She Got Me", "9%", "6", "8", "21", "13", "11", "11", "6", "7.5", "8", "8", "11", "9", "7", "8.5", "8.5", "11", "10", "14"]}, {"contestant": "Australia Kate Miller-Heidke - Zero Gravity", "position": "4", "odds": ["4", "", "Australia Kate Miller-Heidke - Zero Gravity", "7%", "11", "7", "17", "14", "13", "13", "10", "9", "5", "13", "15", "11", "8", "10", "10", "11", "15", "14"]}, {"contestant": "Sweden John Lundvik - Too Late for Love", "position": "5", "odds": ["5", "", "Sweden John Lundvik - Too Late for Love", "5%", "15", "12", "5", "17", "15", "15", "17", "21", "11", "15", "21", "15", "14", "19", "19", "21", "21", "19"]}, {"contestant": "Norway KEiiNO - Spirit in the Sky", "position": "6", "odds": ["6", "", "Norway KEiiNO - Spirit in the Sky", "3%", "34", "26", "101", "25", "21", "21", "21", "26", "26", "20", "26", "26", "14", "17", "17", "21", "9", "40"]}, {"contestant": "Azerbaijan Chingiz - Truth", "position": "7", "odds": ["7", "", "Azerbaijan Chingiz - Truth", "3%", "34", "23", "9", "33", "51", "51", "34", "31", "26", "20", "41", "21", "25", "34", "34", "51", "34", "48"]}, {"contestant": "Russia Sergey Lazarev - Scream", "position": "8", "odds": ["8", "", "Russia Sergey Lazarev - Scream", "2%", "41", "26", "8", "50", "51", "51", "34", "26", "19", "45", "67", "41", "25", "51", "51", "51", "51", "60"]}, {"contestant": "Iceland Hatari - Hatrið mun sigra", "position": "9", "odds": ["9", "", "Iceland Hatari - Hatrið mun sigra", "2%", "51", "19", "26", "40", "51", "51", "51", "51", "19", "35", "51", "67", "25", "81", "81", "51", "67", "80"]}, {"contestant": "France Bilal Hassani - Roi", "position": "10", "odds": ["10", "", "France Bilal Hassani - Roi", "1%", "67", "34", "5", "75", "51", "51", "51", "51", "34", "60", "67", "81", "25", "101", "101", "51", "67", "95"]}, {"contestant": "Denmark Leonora - Love Is Forever", "position": "11", "odds": ["11", "", "Denmark Leonora - Love Is Forever", "1%", "151", "101", "101", "100", "151", "151", "81", "101", "126", "100", "101", "67", "25", "34", "34", "51", "51", "190"]}, {"contestant": "Cyprus Tamta - Replay", "position": "12", "odds": ["12", "", "Cyprus Tamta - Replay", "1%", "151", "126", "41", "110", "101", "101", "101", "126", "151", "100", "101", "67", "25", "51", "51", "51", "101", "190"]}, {"contestant": "Estonia Victor Crone - Storm", "position": "13", "odds": ["13", "", "Estonia Victor Crone - Storm", "1%", "151", "251", "151", "110", "81", "81", "151", "101", "301", "100", "251", "101", "25", "81", "81", "51", "101", "180"]}, {"contestant": "Spain Miki - La Venda", "position": "14", "odds": ["14", "", "Spain Miki - La Venda", "1%", "251", "126", "81", "180", "151", "151", "151", "176", "151", "125", "101", "151", "50", "101", "101", "101", "101", "290"]}, {"contestant": "North Macedonia Tamara Todevska - Proud", "position": "15", "odds": ["15", "", "North Macedonia Tamara Todevska - Proud", "1%", "501", "151", "81", "200", "151", "151", "81", "151", "201", "150", "251", "201", "100", "126", "126", "101", "101", "430"]}, {"contestant": "Czech Republic L. Malawi - Friend of a Friend", "position": "16", "odds": ["16", "", "Czech Republic L. Malawi - Friend of a Friend", "<1%", "501", "151", "81", "180", "151", "151", "201", "176", "201", "150", "151", "151", "50", "126", "126", "101", "201", "460"]}, {"contestant": "Malta Michela - Chameleon", "position": "17", "odds": ["17", "", "Malta Michela - Chameleon", "<1%", "501", "81", "17", "250", "151", "151", "201", "201", "126", "150", "101", "201", "100", "201", "201", "101", "151", "820"]}, {"contestant": "Greece Katerine Duska - Better Love", "position": "18", "odds": ["18", "", "Greece Katerine Duska - Better Love", "<1%", "501", "126", "41", "220", "151", "151", "201", "251", "151", "150", "151", "251", "50", "201", "201", "101", "101", "750"]}, {"contestant": "Serbia Nevena Božović - Kruna", "position": "19", "odds": ["19", "", "Serbia Nevena Božović - Kruna", "<1%", "751", "151", "151", "250", "151", "151", "301", "176", "201", "200", "251", "201", "50", "201", "201", "101", "101", "1000"]}, {"contestant": "United Kingdom Michael Rice - Bigger Than Us", "position": "20", "odds": ["20", "", "United Kingdom Michael Rice - Bigger Than Us", "<1%", "501", "151", "67", "350", "251", "251", "201", "501", "201", "200", "251", "251", "50", "101", "101", "101", "151", "800"]}, {"contestant": "Slovenia Zala Kralj & Gašper Šantl - Sebi", "position": "21", "odds": ["21", "", "Slovenia Zala Kralj & Gašper Šantl - Sebi", "<1%", "751", "251", "101", "300", "151", "151", "301", "501", "201", "200", "251", "201", "100", "201", "201", "101", "251", "1000"]}, {"contestant": "Belarus Zena - Like It", "position": "22", "odds": ["22", "", "Belarus Zena - Like It", "<1%", "751", "251", "201", "300", "201", "201", "301", "301", "301", "200", "251", "201", "250", "201", "201", "101", "151", "700"]}, {"contestant": "Israel Kobi Marimi - Home", "position": "23", "odds": ["23", "", "Israel Kobi Marimi - Home", "<1%", "751", "251", "201", "350", "301", "301", "301", "251", "301", "300", "251", "251", "250", "151", "151", "101", "251", "930"]}, {"contestant": "Albania Jonida Maliqi - Ktheju Tokës", "position": "24", "odds": ["24", "", "Albania Jonida Maliqi - Ktheju Tokës", "<1%", "1001", "251", "151", "350", "251", "251", "301", "501", "301", "300", "251", "251", "250", "201", "201", "101", "201", "1000"]}, {"contestant": "Germany S!sters - Sister", "position": "25", "odds": ["25", "", "Germany S!sters - Sister", "<1%", "751", "251", "201", "400", "501", "501", "301", "501", "301", "400", "251", "201", "100", "151", "151", "101", "251", "1000"]}, {"contestant": "San Marino Serhat - Say Na Na Na", "position": "26", "odds": ["26", "", "San Marino Serhat - Say Na Na Na", "<1%", "751", "251", "201", "400", "501", "501", "301", "501", "301", "400", "251", "251", "100", "201", "201", "101", "251", "1000"]}, {"contestant": "Armenia Srbuk - Walking Out", "position": "", "odds": ["", "Armenia Srbuk - Walking Out"]}, {"contestant": "Austria Pænda - Limits", "position": "", "odds": ["", "Austria Pænda - Limits"]}, {"contestant": "Belgium Eliot - Wake Up", "position": "", "odds": ["", "Belgium Eliot - Wake Up"]}, {"contestant": "Croatia Roko - The Dream", "position": "", "odds": ["", "Croatia Roko - The Dream"]}, {"contestant": "Finland Darude feat. Sebastian Rejman - Look Away", "position": "", "odds": ["", "Finland Darude feat. Sebastian Rejman - Look Away"]}, {"contestant": "Georgia Oto Nemsadze - Keep on Going", "position": "", "odds": ["", "Georgia Oto Nemsadze - Keep on Going"]}, {"contestant": "Hungary Joci Pápai - Az én apám", "position": "", "odds": ["", "Hungary Joci Pápai - Az én apám"]}, {"contestant": "Ireland Sarah McTernan - 22", "position": "", "odds": ["", "Ireland Sarah McTernan - 22"]}, {"contestant": "Latvia Carousel - That Night", "position": "", "odds": ["", "Latvia Carousel - That Night"]}, {"contestant": "Lithuania Jurij Veklenko - Run with the Lions", "position": "", "odds": ["", "Lithuania Jurij Veklenko - Run with the Lions"]}, {"contestant": "Moldova Anna Odobescu - Stay", "position": "", "odds": ["", "Moldova Anna Odobescu - Stay"]}, {"contestant": "Montenegro D mol - Heaven", "position": "", "odds": ["", "Montenegro D mol - Heaven"]}, {"contestant": "Poland Tulia - Pali się", "position": "", "odds": ["", "Poland Tulia - Pali się"]}, {"contestant": "Portugal Conan Osíris - Telemóveis", "position": "", "odds": ["", "Portugal Conan Osíris - Telemóveis"]}, {"contestant": "Romania Ester Peony - On a Sunday", "position": "", "odds": ["", "Romania Ester Peony - On a Sunday"]}]